date,date2,BTC,ETH,LTC,TRX,FNG,XRP
43132.00,01/02/2018,9039.865075,1019.171008,141.1840882,0,30,0.941342185
43133.00,02/02/2018,8786.07738,912.8209287,130.6034915,0,15,0.894631703
43134.00,03/02/2018,9132.100322,960.8938261,157.1001989,0,40,0.942659178
43135.00,04/02/2018,8250.526896,836.6724573,149.3736047,0,24,0.824120468
43136.00,05/02/2018,6849.542559,692.7628273,124.3624692,0,11,0.671327297
43137.00,06/02/2018,7738.64396,789.0430207,143.0908969,0,8,0.765304705
43138.00,07/02/2018,7624.59539,754.5365748,138.5506252,0,36,0.713293782
43139.00,08/02/2018,8218.580852,808.4506335,148.9566905,0,30,0.77260969
43140.00,09/02/2018,8660.453468,873.5673743,162.326773,0,44,0.906066364
43141.00,10/02/2018,8530.292805,850.7148495,155.0028618,0,54,1.032910611
43142.00,11/02/2018,8096.728481,814.7832709,150.159758,0,31,0.965454296
43143.00,12/02/2018,8907.670179,867.5724404,161.8807317,0,42,1.046416974
43144.00,13/02/2018,8523.966932,840.0907838,158.6938647,0,35,0.985900421
43145.00,14/02/2018,9467.301033,920.4636815,212.8589599,0,55,1.131710058
43146.00,15/02/2018,10106.73308,929.8692157,222.4078875,0,71,1.112982612
43147.00,16/02/2018,10189.31648,939.3394573,229.0138081,0,67,1.114200584
43148.00,17/02/2018,11085.59841,975.2318063,229.4333523,0,74,1.179747733
43149.00,18/02/2018,10452.09198,915.3109056,214.8216337,0,63,1.075575267
43150.00,19/02/2018,11139.35573,937.8401832,221.642902,0,67,1.107711488
43151.00,20/02/2018,11245.93232,885.5531411,229.4842583,0,74,1.025785673
43152.00,21/02/2018,10458.86509,840.667043,210.7117251,0,54,0.951413067
43153.00,22/02/2018,9878.158943,807.0768989,194.1288717,0,44,0.895772588
43154.00,23/02/2018,10159.06561,855.767194,207.2797685,0,39,0.943102238
43155.00,24/02/2018,9686.60178,834.0028463,206.0923933,0,31,0.902875271
43156.00,25/02/2018,9603.227477,842.31172,217.5729657,0,33,0.90456583
43157.00,26/02/2018,10312.36571,865.8630392,218.8425629,0,37,0.927405678
43158.00,27/02/2018,10654.10729,875.0529819,215.6255961,0,44,0.931317195
43159.00,28/02/2018,10307.02497,851.3236464,202.4085658,0,41,0.883394268
43160.00,01/03/2018,10923.63086,869.3022668,209.2688835,0,38,0.915277916
43161.00,02/03/2018,11014.05847,855.3528577,210.5137892,0,47,0.898498065
43162.00,03/03/2018,11425.68057,854.3875695,210.141016,0,56,0.895876844
43163.00,04/03/2018,11462.5832,861.1307224,212.2667495,0,44,0.998516848
43164.00,05/03/2018,11540.66232,851.6087531,210.7678251,0,55,0.944510628
43165.00,06/03/2018,10677.03523,812.3461929,195.9441811,0,59,0.898266167
43166.00,07/03/2018,9903.085049,751.754232,185.8875168,0,37,0.853065153
43167.00,08/03/2018,9330.475453,699.337429,176.3211837,0,39,0.808905852
43168.00,09/03/2018,9278.139184,725.3109068,186.7528714,0,37,0.827671672
43169.00,10/03/2018,8786.560423,684.8805821,177.6674817,0,39,0.776240497
43170.00,11/03/2018,9513.5354,718.0546897,187.8462172,0,40,0.814408719
43171.00,12/03/2018,9147.890181,696.7392312,178.6489954,0,41,0.783477435
43172.00,13/03/2018,9160.542933,689.9021026,175.7213788,0,41,0.778446268
43173.00,14/03/2018,8222.127239,612.3326315,160.902821,0,40,0.688274142
43174.00,15/03/2018,8268.589122,611.1662759,164.7013046,0,32,0.685540009
43175.00,16/03/2018,8376.904498,604.4843019,166.1618169,0,33,0.683820975
43176.00,17/03/2018,7881.661921,550.8650041,152.8913599,0,31,0.62926326
43177.00,18/03/2018,8189.016719,538.2613282,153.6999952,0,29,0.65036022
43178.00,19/03/2018,8537.015623,550.1382127,159.9383201,0,29,0.710679387
43179.00,20/03/2018,8895.547179,555.6366672,168.4274735,0,37,0.698126372
43180.00,21/03/2018,8879.594257,557.397839,168.0417475,0,36,0.676698418
43181.00,22/03/2018,8710.664935,539.1140453,163.6953332,0,36,0.651797738
43182.00,23/03/2018,8771.746323,537.5928597,166.5951428,0,28,0.631876072
43183.00,24/03/2018,8610.988516,525.082403,159.9937729,0,32,0.632444533
43184.00,25/03/2018,8440.610923,522.2228019,159.9180019,0,30,0.633474069
43185.00,26/03/2018,8171.184354,489.8176005,149.1849473,0,31,0.592746779
43186.00,27/03/2018,7837.265319,450.5495944,136.3194147,0,24,0.572639664
43187.00,28/03/2018,7933.64273,445.4580836,131.2849189,0,24,0.572213927
43188.00,29/03/2018,7108.570813,385.3564702,115.6617471,0,18,0.506565088
43189.00,30/03/2018,6832.149066,392.4671277,118.2635478,0,12,0.497079361
43190.00,31/03/2018,6922.281297,394.5123781,116.087309,0,16,0.500415818
43191.00,01/04/2018,6804.524879,378.0660903,114.6288593,0,16,0.478626898
43192.00,02/04/2018,7033.25961,383.3976937,118.6266514,0,11,0.492125195
43193.00,03/04/2018,7420.800515,415.2149299,134.1876076,0,22,0.547541244
43194.00,04/04/2018,6780.543601,378.5298773,118.0488799,0,22,0.490211574
43195.00,05/04/2018,6798.422617,382.7007943,119.1907407,0,17,0.491251479
43196.00,06/04/2018,6610.49235,369.9367528,112.9913408,0,19,0.469963153
43197.00,07/04/2018,6886.469472,384.5072496,115.7909999,0,20,0.483558077
43198.00,08/04/2018,7009.996104,399.4155508,117.5251733,0,17,0.498410704
43199.00,09/04/2018,6736.892824,396.1653971,114.5154648,0,21,0.484668704
43200.00,10/04/2018,6816.718615,413.4526993,113.9935651,0,18,0.489038729
43201.00,11/04/2018,6944.785857,429.7974267,117.2799864,0,20,0.539131243
43202.00,12/04/2018,7904.330275,493.5652066,129.3499393,0,18,0.637240062
43203.00,13/04/2018,7919.064695,496.3177443,126.1015327,0,23,0.648560452
43204.00,14/04/2018,8006.417943,503.221351,126.4689122,0,23,0.641764963
43205.00,15/04/2018,8342.271101,531.26395,132.2538784,0,23,0.691091522
43206.00,16/04/2018,8046.982134,510.9837583,128.5077596,0,23,0.660704379
43207.00,17/04/2018,7887.737958,502.1266414,132.904506,0,26,0.655013869
43208.00,18/04/2018,8162.834862,524.9945938,140.4477033,0,24,0.712415761
43209.00,19/04/2018,8272.967316,566.5825263,146.1274763,0,25,0.774174973
43210.00,20/04/2018,8839.501132,616.3173407,155.6202767,0,26,0.921068713
43211.00,21/04/2018,8863.540829,605.3963311,148.1439044,0,32,0.860764232
43212.00,22/04/2018,8800.959087,621.1391014,146.8416168,0,31,0.862756463
43213.00,23/04/2018,8930.784634,642.5817294,152.0708059,0,28,0.875093512
43214.00,24/04/2018,9652.213789,705.0070205,165.3058867,0,29,0.930464269
43215.00,25/04/2018,8855.508937,614.5464717,144.9317464,0,64,0.791885096
43216.00,26/04/2018,9264.727427,661.7967618,153.8036635,0,47,0.846801474
43217.00,27/04/2018,8981.33079,648.9100009,146.3684275,0,55,0.812587997
43218.00,28/04/2018,9341.824685,682.5355506,151.9237439,0,54,0.863099674
43219.00,29/04/2018,9396.99763,688.3061102,153.3474914,0,61,0.865753463
43220.00,30/04/2018,9228.726484,667.0634077,148.0489072,0,59,0.826351325
43221.00,01/05/2018,9072.168757,671.5316823,147.9901562,0,56,0.83482022
43222.00,02/05/2018,9204.127641,686.6118434,151.1699245,0,52,0.857569917
43223.00,03/05/2018,9750.700146,778.3775441,161.247605,0,55,0.878975244
43224.00,04/05/2018,9696.64291,783.3912136,169.1510743,0,56,0.888938432
43225.00,05/05/2018,9795.925772,811.3563922,177.3391129,0,63,0.897898693
43226.00,06/05/2018,9595.086819,784.8751797,171.3176013,0,67,0.858129759
43227.00,07/05/2018,9339.510847,747.8353121,164.1241892,0,56,0.823312329
43228.00,08/05/2018,9212.369635,751.6712314,159.463223,0,62,0.807628278
43229.00,09/05/2018,9293.042274,748.3347896,156.541278,0,53,0.793586897
43230.00,10/05/2018,9037.530509,725.9431689,149.147776,0,63,0.755921404
43231.00,11/05/2018,8419.758587,679.5324857,136.8499045,0,41,0.678869625
43232.00,12/05/2018,8485.775267,685.7776403,142.1442079,0,44,0.6860517
43233.00,13/05/2018,8695.833094,731.4267344,144.685616,0,40,0.734563368
43234.00,14/05/2018,8671.074175,726.4218089,147.397849,0,40,0.729064506
43235.00,15/05/2018,8488.463421,706.4711707,139.5159799,0,40,0.692088925
43236.00,16/05/2018,8327.756201,705.390607,138.9583762,0,32,0.701596173
43237.00,17/05/2018,8050.516239,668.044737,132.3177571,0,31,0.657470721
43238.00,18/05/2018,8233.086455,693.6516838,135.8875047,0,37,0.676467521
43239.00,19/05/2018,8229.482936,693.8095807,134.6743928,0,31,0.673805422
43240.00,20/05/2018,8511.44883,713.5916914,139.1237951,0,32,0.697826179
43241.00,21/05/2018,8398.623127,697.845526,134.6171034,0,41,0.676965617
43242.00,22/05/2018,8007.526532,643.6678767,128.3438481,0,30,0.640551271
43243.00,23/05/2018,7520.867679,578.2299886,118.8209415,0,26,0.592792305
43244.00,24/05/2018,7575.624486,600.6105728,122.8601231,0,27,0.628663517
43245.00,25/05/2018,7425.375674,578.5942729,118.2557934,0,25,0.602163514
43246.00,26/05/2018,7326.303186,584.2874115,118.1339755,0,23,0.607458653
43247.00,27/05/2018,7338.193044,570.3888428,117.6733255,0,19,0.603584567
43248.00,28/05/2018,7110.823882,513.5970751,111.0224635,0,22,0.550156321
43249.00,29/05/2018,7453.633725,563.903261,119.3879146,0,16,0.5982902
43250.00,30/05/2018,7374.669049,556.7623846,117.2386829,0,38,0.601474606
43251.00,31/05/2018,7478.741867,575.4698647,118.0268445,0,25,0.610638273
43252.00,01/06/2018,7519.835737,578.827564,119.9461898,0,24,0.620257246
43253.00,02/06/2018,7637.448253,591.8119591,123.3173694,0,27,0.642762397
43254.00,03/06/2018,7702.157933,618.2328428,125.0264936,0,40,0.674551182
43255.00,04/06/2018,7486.6532,589.8826707,119.5060465,0,41,0.654442113
43256.00,05/06/2018,7611.149853,607.1803103,121.8174389,0,26,0.673306868
43257.00,06/06/2018,7650.775807,605.4294448,121.2375798,0,42,0.672098615
43258.00,07/06/2018,7665.947896,602.159334,121.340893,0,38,0.675148263
43259.00,08/06/2018,7622.60233,600.1281806,119.956218,0,40,0.673591054
43260.00,09/06/2018,7556.171698,595.9536233,117.8847424,0,39,0.660304985
43261.00,10/06/2018,6744.735801,521.2769173,106.2433516,0,24,0.574900971
43262.00,11/06/2018,6849.452687,529.3715289,106.8222657,0,15,0.595900682
43263.00,12/06/2018,6526.69968,489.8360853,99.30257734,0,19,0.553835573
43264.00,13/06/2018,6306.513168,474.4509752,93.51630838,0,19,0.529342683
43265.00,14/06/2018,6629.770124,517.7222291,100.4763492,0,17,0.556598713
43266.00,15/06/2018,6399.674046,486.4992463,95.36612352,0,26,0.533372765
43267.00,16/06/2018,6495.315309,497.3220047,96.53688864,0,22,0.533302377
43268.00,17/06/2018,6450.693973,495.8307411,94.96565985,0,23,0.526263516
43269.00,18/06/2018,6703.81259,516.850604,98.58247628,0,27,0.537684329
43270.00,19/06/2018,6732.508809,537.0747794,98.5222921,0,32,0.548014442
43271.00,20/06/2018,6753.206826,535.2689378,97.78645397,0,34,0.539731276
43272.00,21/06/2018,6720.373234,525.6111783,96.68455043,0,37,0.534506025
43273.00,22/06/2018,6059.575859,462.9670827,85.03691483,0,28,0.483273454
43274.00,23/06/2018,6174.225779,475.2452405,83.03789063,0,17,0.488836857
43275.00,24/06/2018,6146.487195,454.3887683,80.73326571,0,15,0.475292466
43276.00,25/06/2018,6243.535441,459.1942902,81.637155,0.042070491,16,0.480842694
43277.00,26/06/2018,6096.128766,432.4930815,76.23117002,0.037788397,21,0.456650038
43278.00,27/06/2018,6139.189683,441.6751669,80.74318767,0.038979445,18,0.47124983
43279.00,28/06/2018,5858.635778,419.7914541,74.5329646,0.036076058,20,0.445834017
43280.00,29/06/2018,6220.913715,436.7364211,79.54736356,0.036701462,16,0.455613537
43281.00,30/06/2018,6375.541231,451.7234167,80.75683934,0.037482729,22,0.465709903
43282.00,01/07/2018,6361.402539,451.7984416,79.89429873,0.036633433,27,0.462216609
43283.00,02/07/2018,6608.367157,475.9894486,85.44215374,0.03957674,27,0.488879701
43284.00,03/07/2018,6498.307859,461.7516902,84.81655947,0.038105375,31,0.483515881
43285.00,04/07/2018,6579.333376,465.7291502,85.33195733,0.038824589,33,0.490573226
43286.00,05/07/2018,6535.298403,467.0586663,83.15609696,0.036970654,37,0.476618107
43287.00,06/07/2018,6598.459096,468.5129646,82.9609531,0.035873417,34,0.476333932
43288.00,07/07/2018,6737.85608,480.5334749,84.09352035,0.036583592,34,0.482153248
43289.00,08/07/2018,6704.91998,486.1320538,82.30452235,0.036689835,38,0.478302764
43290.00,09/07/2018,6664.024094,471.7215625,80.44894783,0.035545089,39,0.473452422
43291.00,10/07/2018,6309.084004,433.1284392,75.72098048,0.033471544,37,0.443094287
43292.00,11/07/2018,6377.976511,446.3470754,78.07228469,0.033461966,29,0.449404061
43293.00,12/07/2018,6159.466676,423.881742,75.67852469,0.031700626,33,0.431117252
43294.00,13/07/2018,6208.985572,431.3536826,76.44115616,0.033056887,29,0.436528816
43295.00,14/07/2018,6255.112479,433.9191859,76.23216224,0.033341197,29,0.438731937
43296.00,15/07/2018,6347.604274,448.7280678,78.30838716,0.034363068,32,0.4460905
43297.00,16/07/2018,6710.807437,477.3652858,83.43800874,0.03732961,36,0.479972586
43298.00,17/07/2018,7320.594828,499.4387598,88.98040273,0.039860211,39,0.508714885
43299.00,18/07/2018,7376.038339,479.0016411,86.38789332,0.039731026,42,0.486011318
43300.00,19/07/2018,7467.034298,468.4054468,86.08793317,0.037954524,44,0.476135378
43301.00,20/07/2018,7327.256683,447.5579719,81.70153576,0.034860319,47,0.444186257
43302.00,21/07/2018,7410.56562,461.9867995,83.64881234,0.035655046,43,0.454912038
43303.00,22/07/2018,7399.483747,457.1352779,82.24460742,0.0351341,46,0.449032956
43304.00,23/07/2018,7716.158627,448.9556733,81.41647351,0.034050521,44,0.44562087
43305.00,24/07/2018,8397.616522,478.0369877,89.0793022,0.03816035,49,0.458524526
43306.00,25/07/2018,8202.720395,472.6965085,86.58181048,0.037275141,54,0.461119451
43307.00,26/07/2018,7913.930778,463.4333387,83.32010408,0.035818891,53,0.448614341
43308.00,27/07/2018,8173.774611,469.3117928,84.43493849,0.036540899,47,0.454675511
43309.00,28/07/2018,8190.360057,467.3217884,83.8444232,0.036824799,54,0.454268923
43310.00,29/07/2018,8229.605839,466.9187636,84.00149892,0.039381124,54,0.454201775
43311.00,30/07/2018,8171.839519,455.8956736,82.16671974,0.036434718,53,0.446021857
43312.00,31/07/2018,7725.133036,431.7985237,78.67327011,0.033703036,48,0.433726537
43313.00,01/08/2018,7596.698012,419.0199267,77.56567313,0.032503109,39,0.446825086
43314.00,02/08/2018,7542.694662,410.9742084,76.20604841,0.031354657,39,0.430585067
43315.00,03/08/2018,7411.34425,417.2534956,77.59468065,0.030356404,36,0.440329345
43316.00,04/08/2018,7002.208653,406.4192195,73.04187968,0.028769845,31,0.429049143
43317.00,05/08/2018,7031.587751,408.9499229,74.58593824,0.030291568,23,0.434405638
43318.00,06/08/2018,6929.990894,405.3780874,73.64154251,0.029081673,25,0.413048913
43319.00,07/08/2018,6722.578433,378.5596321,67.75505127,0.027705475,25,0.378083809
43320.00,08/08/2018,6267.388674,354.3691943,62.04718758,0.02418951,23,0.328851844
43321.00,09/08/2018,6558.096908,365.0011458,63.57994242,0.025787926,19,0.345418975
43322.00,10/08/2018,6135.751859,330.6420038,58.92788022,0.023593282,21,0.318401753
43323.00,11/08/2018,6313.749312,322.9020827,58.525448,0.022646782,18,0.302907498
43324.00,12/08/2018,6314.691656,317.9546406,59.32018864,0.022445658,18,0.295565691
43325.00,13/08/2018,6265.848044,284.3916178,56.59792394,0.019144921,21,0.276230749
43326.00,14/08/2018,6184.829086,276.2421417,53.97949028,0.018493937,16,0.269633652
43327.00,15/08/2018,6270.214799,281.1496385,54.37508071,0.019220154,18,0.280179063
43328.00,16/08/2018,6290.750455,285.766308,55.03683229,0.019306072,21,0.290396324
43329.00,17/08/2018,6563.078289,314.9507148,61.26349806,0.023115248,19,0.360631942
43330.00,18/08/2018,6399.287447,295.4338966,57.24155824,0.021439634,24,0.32592332
43331.00,19/08/2018,6490.716127,300.0650172,57.90617783,0.022102134,27,0.34263165
43332.00,20/08/2018,6272.952729,271.6171058,53.60603716,0.020351442,26,0.315904202
43333.00,21/08/2018,6473.076039,280.9408238,56.4880545,0.020924481,19,0.334267839
43334.00,22/08/2018,6365.009832,270.0811128,55.1794755,0.019543192,21,0.318943533
43335.00,23/08/2018,6516.409025,275.2081277,57.14843892,0.020625944,18,0.325992718
43336.00,24/08/2018,6697.731879,281.6849255,57.90730347,0.021552981,19,0.32665645
43337.00,25/08/2018,6745.438939,278.4239132,57.88933997,0.022419273,22,0.327888123
43338.00,26/08/2018,6689.869333,273.2899489,56.86745449,0.022673805,19,0.32231498
43339.00,27/08/2018,6839.158952,284.2037548,60.27186353,0.024452906,18,0.337693757
43340.00,28/08/2018,7092.973808,296.6259889,63.32975804,0.027041879,19,0.352742947
43341.00,29/08/2018,7033.428068,288.5998548,61.49660835,0.025432111,19,0.344613065
43342.00,30/08/2018,6966.963744,283.8843033,60.02532721,0.02472844,22,0.334262318
43343.00,31/08/2018,7025.14078,282.2157653,62.10956307,0.02537247,17,0.335427223
43344.00,01/09/2018,7192.352547,294.9402721,66.28034063,0.026678562,21,0.346471598
43345.00,02/09/2018,7286.667791,293.7880126,66.13084814,0.025577099,18,0.341398631
43346.00,03/09/2018,7257.470214,288.6421382,65.3529087,0.025013352,19,0.335325082
43347.00,04/09/2018,7358.811479,285.3060096,67.72247514,0.025252867,26,0.330982476
43348.00,05/09/2018,6790.897328,234.2016791,58.70460838,0.021667319,17,0.28181794
43349.00,06/09/2018,6488.075937,229.0947613,57.31573767,0.021549729,14,0.301367105
43350.00,07/09/2018,6408.653622,215.2796409,55.84506528,0.020413222,17,0.287530592
43351.00,08/09/2018,6187.790502,196.648756,53.07546786,0.019201523,18,0.276079296
43352.00,09/09/2018,6249.24631,195.5888317,54.79509458,0.019317626,13,0.276037898
43353.00,10/09/2018,6295.388603,196.1221119,54.06808799,0.019174166,15,0.266838077
43354.00,11/09/2018,6278.42464,184.3037098,51.74554201,0.01843788,18,0.262899708
43355.00,12/09/2018,6327.536363,182.6687484,51.68515141,0.018166615,14,0.269488415
43356.00,13/09/2018,6490.912316,212.6019655,54.69009421,0.020007135,20,0.280588931
43357.00,14/09/2018,6494.695479,211.6978042,56.81673171,0.019802156,23,0.27724795
43358.00,15/09/2018,6524.165667,222.8130105,56.61537664,0.019895146,24,0.2817133
43359.00,16/09/2018,6497.404701,220.0224904,56.8384666,0.019923142,28,0.281007008
43360.00,17/09/2018,6258.594875,196.8116669,52.24429173,0.018422405,25,0.271760284
43361.00,18/09/2018,6340.34779,209.519993,54.12326116,0.019291296,21,0.320854692
43362.00,19/09/2018,6383.951876,209.0851306,54.10501887,0.019690485,24,0.325449688
43363.00,20/09/2018,6498.607111,223.6520885,56.55424005,0.021398723,24,0.456864434
43364.00,21/09/2018,6741.142899,246.7333489,60.78241113,0.024855455,31,0.563130012
43365.00,22/09/2018,6705.476051,240.1762645,60.49309704,0.023149018,35,0.569993507
43366.00,23/09/2018,6703.13685,244.6507005,61.52985624,0.023793278,38,0.572309739
43367.00,24/09/2018,6576.545003,227.8000915,57.88685604,0.021997466,43,0.491712166
43368.00,25/09/2018,6416.444022,217.6229401,57.34021437,0.021213504,37,0.530266911
43369.00,26/09/2018,6463.250404,215.0312618,57.29370693,0.021013319,37,0.517606145
43370.00,27/09/2018,6677.900489,228.4367352,63.14805654,0.022497415,42,0.54205778
43371.00,28/09/2018,6623.12616,221.042024,61.79658996,0.021915826,42,0.539831291
43372.00,29/09/2018,6584.499148,231.3260546,61.46481858,0.021994935,37,0.570051906
43373.00,30/09/2018,6604.485028,232.2158805,61.02819478,0.022148382,34,0.580981012
43374.00,01/10/2018,6561.813832,229.9181473,60.01400533,0.021933727,35,0.572776258
43375.00,02/10/2018,6508.720939,225.340538,59.38749097,0.021928417,33,0.519232579
43376.00,03/10/2018,6464.456844,218.985656,57.17542295,0.021482856,36,0.525117213
43377.00,04/10/2018,6545.285668,220.9349065,58.00385185,0.022706438,29,0.525220185
43378.00,05/10/2018,6585.14958,226.5332475,58.51633732,0.0231908,37,0.517738051
43379.00,06/10/2018,6550.478316,223.670021,57.58329037,0.023621734,34,0.484766514
43380.00,07/10/2018,6564.56826,224.381154,57.90822886,0.02687012,29,0.478180115
43381.00,08/10/2018,6604.685274,227.6293615,59.14584337,0.02640191,26,0.487484238
43382.00,09/10/2018,6590.428622,226.3662575,58.41793882,0.025905237,31,0.476860187
43383.00,10/10/2018,6529.102436,223.637415,57.42807774,0.025167028,28,0.458279483
43384.00,11/10/2018,6159.251643,190.5031733,50.7574062,0.020759364,19,0.379268134
43385.00,12/10/2018,6191.677223,194.2336841,52.98520858,0.022616703,13,0.41539386
43386.00,13/10/2018,6197.685696,196.6409004,52.85270678,0.023311567,15,0.413673175
43387.00,14/10/2018,6182.879344,192.0825617,51.375969,0.023350462,18,0.402302856
43388.00,15/10/2018,6442.715414,204.8455953,53.59433087,0.024497961,20,0.440524835
43389.00,16/10/2018,6461.937159,205.6789655,53.08564502,0.023834064,24,0.463394973
43390.00,17/10/2018,6442.7307,203.5891844,52.80267009,0.023851179,23,0.463679713
43391.00,18/10/2018,6396.479812,199.1041677,51.71635455,0.023870782,26,0.453789036
43392.00,19/10/2018,6383.07784,200.1854223,52.43708732,0.02378771,24,0.45032328
43393.00,20/10/2018,6408.252746,202.6205903,52.83898361,0.023853687,21,0.455595232
43394.00,21/10/2018,6415.340503,202.1977925,52.20372886,0.023893731,21,0.452395332
43395.00,22/10/2018,6408.033636,200.9869679,51.73407504,0.023545546,27,0.449203347
43396.00,23/10/2018,6395.987667,201.1062086,52.08920064,0.023168177,24,0.458746127
43397.00,24/10/2018,6413.803641,200.5486081,51.84773274,0.023180485,23,0.452873563
43398.00,25/10/2018,6402.324859,199.8627446,51.78449515,0.022937522,25,0.455366431
43399.00,26/10/2018,6404.108552,200.6226616,51.59365702,0.023413239,29,0.457139496
43400.00,27/10/2018,6409.405328,201.4184185,51.49475882,0.023070499,33,0.453291144
43401.00,28/10/2018,6406.633253,202.4511032,51.3622393,0.023277746,35,0.458697141
43402.00,29/10/2018,6263.041735,194.3213513,48.66486929,0.021924167,34,0.439287382
43403.00,30/10/2018,6272.167728,195.658953,48.90924917,0.021985831,31,0.443326746
43404.00,31/10/2018,6306.316931,196.8979319,49.45589087,0.022183133,32,0.449449931
43405.00,01/11/2018,6342.977501,197.8192107,50.10808571,0.022301166,29,0.455463969
43406.00,02/11/2018,6348.168583,199.8503726,51.08683351,0.022710776,36,0.456596835
43407.00,03/11/2018,6332.434133,198.3546774,50.62431217,0.02252094,36,0.453267379
43408.00,04/11/2018,6420.422,209.9895728,53.8970712,0.023463275,41,0.466739502
43409.00,05/11/2018,6402.946839,208.0755815,53.2824208,0.023677966,42,0.493347946
43410.00,06/11/2018,6441.145219,218.0897557,55.52310666,0.024473354,42,0.546572449
43411.00,07/11/2018,6500.869805,216.7830564,53.75939839,0.02387363,48,0.533487659
43412.00,08/11/2018,6406.752937,210.6431034,52.06298816,0.022938073,51,0.490897744
43413.00,09/11/2018,6331.378767,208.1028559,51.51311817,0.022825931,47,0.497540278
43414.00,10/11/2018,6353.112734,210.5648653,51.8017262,0.022776944,52,0.503095885
43415.00,11/11/2018,6335.414204,209.0642537,50.54097132,0.022568973,54,0.500910182
43416.00,12/11/2018,6320.656054,208.2894123,50.16884316,0.022244329,52,0.513783512
43417.00,13/11/2018,6267.937991,203.6197972,48.91260609,0.021577405,56,0.502704221
43418.00,14/11/2018,5574.258349,176.6737086,42.56400838,0.018812008,49,0.457181865
43419.00,15/11/2018,5538.560608,177.5858998,43.21063147,0.018685176,28,0.47238065
43420.00,16/11/2018,5496.016231,172.027223,41.64847996,0.01857003,23,0.465306205
43421.00,17/11/2018,5501.09234,172.3258343,41.48392019,0.018604636,24,0.485464447
43422.00,18/11/2018,5555.376338,174.8875175,41.72479793,0.018610337,26,0.505267528
43423.00,19/11/2018,4792.200024,146.8373746,36.10898831,0.01544988,28,0.469252454
43424.00,20/11/2018,4317.53067,126.699694,32.13540175,0.013421483,21,0.420398467
43425.00,21/11/2018,4549.32201,134.8948387,34.14720307,0.014497318,15,0.44279609
43426.00,22/11/2018,4303.615549,124.9831067,31.8237827,0.013694434,14,0.420068026
43427.00,23/11/2018,4289.892853,121.4645269,31.77830792,0.013447413,12,0.401423245
43428.00,24/11/2018,3806.316925,111.2079193,28.71058597,0.012193047,15,0.367261943
43429.00,25/11/2018,3946.850874,114.3281242,30.45373325,0.01209571,9,0.368075558
43430.00,26/11/2018,3700.285993,105.9761932,28.91114871,0.011415831,17,0.349266345
43431.00,27/11/2018,3776.555905,108.939133,30.83805729,0.011737265,11,0.356692002
43432.00,28/11/2018,4208.475269,120.8430357,34.15975193,0.014363546,14,0.387345286
43433.00,29/11/2018,4239.039488,116.4500678,33.49134593,0.015542211,18,0.375998298
43434.00,30/11/2018,3973.334052,111.6314486,31.62193698,0.014199868,19,0.358598161
43435.00,01/12/2018,4148.073726,116.9740228,33.76260211,0.014957899,13,0.368014737
43436.00,02/12/2018,4098.746764,114.8738489,33.27094828,0.014760747,15,0.363673088
43437.00,03/12/2018,3843.976666,107.4360938,30.628226,0.013622917,17,0.345193623
43438.00,04/12/2018,3892.951647,108.3930742,30.66716509,0.014139998,12,0.346674686
43439.00,05/12/2018,3709.520858,101.1326888,28.84960991,0.013769748,19,0.334688651
43440.00,06/12/2018,3511.968982,90.81281444,26.4989939,0.012754924,13,0.306809449
43441.00,07/12/2018,3372.995693,92.12891613,24.78744932,0.013061167,11,0.299364905
43442.00,08/12/2018,3407.951195,90.59914202,24.24972138,0.013252809,11,0.302589389
43443.00,09/12/2018,3540.439576,92.99399591,25.34308907,0.01337659,14,0.308125859
43444.00,10/12/2018,3413.592584,89.33858884,24.0466751,0.013026194,19,0.297335799
43445.00,11/12/2018,3352.5642,87.14203711,23.25714458,0.013051108,15,0.296620302
43446.00,12/12/2018,3423.012918,88.85423115,23.99155569,0.013166986,14,0.302532864
43447.00,13/12/2018,3260.341582,85.03007481,22.85611729,0.012877144,14,0.295105687
43448.00,14/12/2018,3198.947474,83.08653536,23.1585523,0.012613612,10,0.286147042
43449.00,15/12/2018,3185.074044,82.83019024,23.42644071,0.012573908,11,0.281508131
43450.00,16/12/2018,3195.414555,83.78539188,25.24431709,0.012785096,13,0.283512081
43451.00,17/12/2018,3499.156482,93.84370105,28.8854726,0.014061751,17,0.325454045
43452.00,18/12/2018,3659.527379,100.2777051,29.88507886,0.014701557,23,0.346678412
43453.00,19/12/2018,3697.725303,99.94950497,29.17378676,0.015576361,21,0.350200948
43454.00,20/12/2018,4067.737708,114.0839749,32.21716462,0.017108951,27,0.373898809
43455.00,21/12/2018,3839.085108,107.8118621,30.18701168,0.019756355,35,0.354352412
43456.00,22/12/2018,3964.946116,115.2303159,31.40879087,0.020790978,28,0.359180408
43457.00,23/12/2018,3942.666996,129.6937954,33.15381352,0.020646558,31,0.367426189
43458.00,24/12/2018,4040.04579,140.3724494,33.59830418,0.020963089,25,0.40779233
43459.00,25/12/2018,3761.584011,127.9198144,30.5942017,0.019570657,33,0.377348035
43460.00,26/12/2018,3807.657454,130.3094512,30.48167581,0.020128659,26,0.375352173
43461.00,27/12/2018,3585.460536,114.1173966,27.69712209,0.018086522,29,0.334127703
43462.00,28/12/2018,3881.054885,135.2220918,31.92840688,0.020458285,21,0.372163334
43463.00,29/12/2018,3823.138326,140.0987984,31.66238281,0.020006031,24,0.366791843
43464.00,30/12/2018,3825.407463,138.4017162,31.53119276,0.019709471,23,0.365720683
43465.00,31/12/2018,3687.19994,130.7904605,29.81348075,0.018578192,26,0.347623565
43466.00,01/01/2019,3808.117832,139.1546444,31.64595488,0.019350377,24,0.36132228
43467.00,02/01/2019,3898.197488,154.4263688,33.24622606,0.020060257,30,0.373486542
43468.00,03/01/2019,3784.388635,147.0620868,31.56230873,0.019805558,33,0.354332623
43469.00,04/01/2019,3827.524594,153.442377,32.07159698,0.021337385,48,0.356292907
43470.00,05/01/2019,3798.613955,154.3017569,34.43640179,0.022027455,36,0.350902338
43471.00,06/01/2019,4045.993775,155.9402832,38.99218649,0.022826236,31,0.365484443
43472.00,07/01/2019,4001.018278,150.3461318,37.55384882,0.023288007,39,0.36240317
43473.00,08/01/2019,3992.622789,149.0527627,39.14720201,0.026097679,39,0.363734873
43474.00,09/01/2019,4004.259036,149.6298562,38.72059068,0.028212758,42,0.36941635
43475.00,10/01/2019,3627.90345,126.9298039,33.33761563,0.025561752,37,0.327923986
43476.00,11/01/2019,3624.161421,124.9705742,31.62919928,0.024743471,19,0.327179161
43477.00,12/01/2019,3617.022078,124.3293106,31.98669312,0.023192174,22,0.32798063
43478.00,13/01/2019,3508.670108,115.3398954,29.78216777,0.021014397,21,0.314443953
43479.00,14/01/2019,3666.945194,128.3235839,32.02470878,0.025455722,16,0.332465497
43480.00,15/01/2019,3581.293015,120.3298761,30.98063283,0.02436851,27,0.324128591
43481.00,16/01/2019,3606.986576,122.4209138,31.41212119,0.024969477,24,0.327294516
43482.00,17/01/2019,3640.129131,122.6477516,31.58978841,0.025161771,28,0.327354014
43483.00,18/01/2019,3609.426736,119.4851914,30.90354408,0.024549705,29,0.321018452
43484.00,19/01/2019,3687.301961,123.4879912,32.22263708,0.024336953,31,0.328141129
43485.00,20/01/2019,3538.313723,117.5152317,30.62866047,0.023583362,35,0.31693922
43486.00,21/01/2019,3535.623393,115.9188431,30.88620204,0.025332195,30,0.318364631
43487.00,22/01/2019,3577.30835,117.9757198,31.49714733,0.026302561,27,0.318073191
43488.00,23/01/2019,3551.893821,116.3134366,31.62550467,0.026282452,33,0.31430992
43489.00,24/01/2019,3567.588934,116.326358,32.50913218,0.026682059,37,0.315671
43490.00,25/01/2019,3561.350498,114.9673665,32.66936075,0.026473288,35,0.313558217
43491.00,26/01/2019,3557.039915,115.04004,32.7611034,0.028402974,41,0.311729981
43492.00,27/01/2019,3537.614131,111.8220769,32.17680728,0.028970548,39,0.305317737
43493.00,28/01/2019,3435.052514,105.6671558,30.984191,0.026725487,35,0.292854599
43494.00,29/01/2019,3395.823763,104.2278758,30.67939367,0.026977538,21,0.286000094
43495.00,30/01/2019,3437.895866,107.669886,31.56998848,0.027036008,22,0.318169518
43496.00,31/01/2019,3410.131616,105.7392361,31.18431876,0.025247843,17,0.307163335
43497.00,01/02/2019,3445.049891,106.6349477,32.53457137,0.026014762,23,0.305512049
43498.00,02/02/2019,3461.935117,108.5711318,34.02924716,0.02571686,22,0.306847698
43499.00,03/02/2019,3413.021616,106.0217227,33.09214821,0.025126614,19,0.298177846
43500.00,04/02/2019,3411.387962,106.0266756,33.69157646,0.026563237,27,0.294600196
43501.00,05/02/2019,3426.465011,106.1355865,33.90847383,0.025916739,21,0.29577355
43502.00,06/02/2019,3367.506365,103.3947122,32.49477102,0.025257117,14,0.286195185
43503.00,07/02/2019,3358.873599,103.2990538,32.76552173,0.025420439,18,0.28825002
43504.00,08/02/2019,3612.479619,117.5014851,42.20376508,0.026478332,37,0.308054288
43505.00,09/02/2019,3621.268121,118.1039635,44.11348469,0.026012868,42,0.308792641
43506.00,10/02/2019,3642.022359,123.5778682,46.41702926,0.025608201,40,0.306387172
43507.00,11/02/2019,3590.618484,119.7266154,42.51308838,0.024356887,46,0.299148814
43508.00,12/02/2019,3587.902466,120.8287019,43.4861057,0.024079953,38,0.300996538
43509.00,13/02/2019,3576.085373,120.6902259,41.27019168,0.023852493,48,0.300924264
43510.00,14/02/2019,3561.916383,119.6809132,41.05496053,0.023130072,48,0.298294111
43511.00,15/02/2019,3565.006924,120.3600254,42.03065976,0.02342984,43,0.29851294
43512.00,16/02/2019,3584.736003,121.8048811,43.15708612,0.023312604,43,0.297802434
43513.00,17/02/2019,3622.757429,132.8064901,43.38500797,0.023510788,38,0.299771529
43514.00,18/02/2019,3866.129217,144.415396,47.25580178,0.02461708,63,0.319033954
43515.00,19/02/2019,3895.435211,143.1372957,47.11614565,0.024785129,65,0.322211487
43516.00,20/02/2019,3931.613829,147.1921435,50.94105961,0.024786423,59,0.327827923
43517.00,21/02/2019,3892.261794,143.6012835,48.21982716,0.024393288,59,0.316343959
43518.00,22/02/2019,3948.300511,147.0633042,49.14366903,0.024812058,61,0.319876411
43519.00,23/02/2019,4110.151121,157.5305,51.27207778,0.025212675,63,0.331609164
43520.00,24/02/2019,3754.18379,135.3831289,44.06331901,0.023622303,69,0.298354717
43521.00,25/02/2019,3822.018697,137.9248749,45.39362803,0.024014082,47,0.326069029
43522.00,26/02/2019,3796.175068,135.7259161,44.57059881,0.023982511,40,0.315186762
43523.00,27/02/2019,3799.381992,133.9967589,44.88031359,0.023805921,39,0.309173016
43524.00,28/02/2019,3792.947723,134.7547241,45.5048398,0.023522498,39,0.312256366
43525.00,01/03/2019,3810.632693,134.8645646,46.99521799,0.023435423,42,0.315224493
43526.00,02/03/2019,3809.643391,132.1972975,48.314647,0.022603424,41,0.313196571
43527.00,03/03/2019,3782.38187,129.6457838,47.42189877,0.022316213,44,0.308792191
43528.00,04/03/2019,3698.161855,125.1204395,45.51969052,0.022529594,36,0.300905708
43529.00,05/03/2019,3840.128049,135.707659,52.2836276,0.023692369,35,0.313250089
43530.00,06/03/2019,3851.998425,137.1823039,55.35165121,0.023142397,42,0.315546209
43531.00,07/03/2019,3855.923168,136.1424407,56.44473856,0.022890264,56,0.311513911
43532.00,08/03/2019,3839.233553,132.4414211,55.30881623,0.022221276,54,0.305974199
43533.00,09/03/2019,3910.361167,136.2969608,57.20784777,0.022687527,55,0.311577207
43534.00,10/03/2019,3903.911951,135.2256631,56.56063074,0.0227935,55,0.311788306
43535.00,11/03/2019,3851.568922,132.0801075,54.67341756,0.021971707,56,0.308886586
43536.00,12/03/2019,3858.914824,132.6961651,56.24926901,0.022149184,56,0.308543766
43537.00,13/03/2019,3851.957466,131.1337124,55.13599327,0.022141367,54,0.312569978
43538.00,14/03/2019,3853.783265,131.3092826,55.53221384,0.022306647,55,0.309386946
43539.00,15/03/2019,3901.914207,135.6029427,58.0737678,0.022824429,55,0.313049335
43540.00,16/03/2019,3989.796077,140.6288776,60.91475469,0.023081294,54,0.317420259
43541.00,17/03/2019,3967.143494,138.1430523,60.26405662,0.022783991,58,0.314186479
43542.00,18/03/2019,3969.440146,137.0632162,59.01480938,0.02265123,56,0.313200719
43543.00,19/03/2019,3996.167904,137.9280771,59.17828897,0.022643549,56,0.314561223
43544.00,20/03/2019,4030.655276,138.6858925,60.11642384,0.022745031,55,0.316510452
43545.00,21/03/2019,3976.27385,134.5865742,58.52024367,0.022125086,62,0.309382381
43546.00,22/03/2019,3983.887646,135.8933679,59.21128863,0.022512647,56,0.309859168
43547.00,23/03/2019,3981.776033,136.4750406,60.49750194,0.024111128,50,0.309827443
43548.00,24/03/2019,3970.666988,135.4194404,59.46990931,0.023125907,44,0.306078259
43549.00,25/03/2019,3908.238839,133.0931578,58.73029346,0.022447895,46,0.301029467
43550.00,26/03/2019,3917.763402,133.1643399,58.21442217,0.022228558,43,0.299389832
43551.00,27/03/2019,4027.007918,139.2153074,61.34081593,0.023294302,44,0.308906018
43552.00,28/03/2019,4010.937462,137.3366119,60.22873313,0.023046505,49,0.304765569
43553.00,29/03/2019,4089.46104,142.3689775,61.19044479,0.023253414,50,0.306751437
43554.00,30/03/2019,4091.891038,142.1077452,60.23208082,0.023172084,57,0.310007093
43555.00,31/03/2019,4094.317815,141.2767852,60.35095478,0.023386329,56,0.308098727
43556.00,01/04/2019,4138.417808,141.2956888,60.38390384,0.024200058,62,0.312174062
43557.00,02/04/2019,4903.719462,165.4668805,77.73140933,0.027043525,60,0.355325199
43558.00,03/04/2019,4960.227603,160.2395728,84.3089179,0.025980853,71,0.341348262
43559.00,04/04/2019,4911.269702,157.8657369,84.98697262,0.025873781,61,0.331234683
43560.00,05/04/2019,5033.225484,165.9389854,88.59711799,0.027184658,59,0.363378416
43561.00,06/04/2019,5044.356846,165.4087949,92.54549557,0.026676512,65,0.35296781
43562.00,07/04/2019,5189.111956,174.4636596,91.81314807,0.028780371,69,0.361907749
43563.00,08/04/2019,5283.423025,180.7795012,89.31298992,0.030690854,65,0.358323496
43564.00,09/04/2019,5195.577909,175.9578866,86.57394661,0.029990687,64,0.349982086
43565.00,10/04/2019,5311.741603,177.474879,88.42322383,0.030025874,62,0.354077435
43566.00,11/04/2019,5050.666009,165.5503612,79.38418979,0.026592279,65,0.328655259
43567.00,12/04/2019,5082.861432,164.8918174,79.09049592,0.026424685,42,0.325503574
43568.00,13/04/2019,5074.790693,164.1286593,78.11093693,0.026165533,62,0.326618928
43569.00,14/04/2019,5156.804041,168.0130991,83.06013164,0.026924443,51,0.329165275
43570.00,15/04/2019,5042.897738,160.5574731,78.53450725,0.026245599,60,0.318752699
43571.00,16/04/2019,5205.962957,166.6623402,80.88228945,0.026810088,50,0.325543888
43572.00,17/04/2019,5226.352215,166.3641397,79.19254826,0.026652201,61,0.335391452
43573.00,18/04/2019,5278.50234,173.5459521,82.05540896,0.026800396,64,0.336151616
43574.00,19/04/2019,5289.951219,173.6527835,82.48042795,0.026398695,61,0.331853033
43575.00,20/04/2019,5313.973262,173.2153694,81.57587642,0.026011668,62,0.327691945
43576.00,21/04/2019,5295.733828,169.9456011,77.08606763,0.024943278,62,0.321946886
43577.00,22/04/2019,5383.799975,171.5654147,76.9986292,0.02509332,61,0.324162485
43578.00,23/04/2019,5544.862712,170.9374096,74.88289652,0.024328067,68,0.320969304
43579.00,24/04/2019,5431.94792,165.1421142,72.96100681,0.023241636,65,0.300092837
43580.00,25/04/2019,5127.673167,152.0454944,70.50620897,0.022707609,58,0.286106415
43581.00,26/04/2019,5150.164661,152.9609275,71.51414775,0.023088622,41,0.293399567
43582.00,27/04/2019,5181.807764,155.7267335,70.62729355,0.022962899,42,0.292159859
43583.00,28/04/2019,5148.669615,153.2518472,67.69360338,0.022675052,40,0.290600841
43584.00,29/04/2019,5148.800493,152.5452088,66.36478264,0.022045581,42,0.288100618
43585.00,30/04/2019,5266.618203,159.9385015,73.28482681,0.023230868,42,0.305453454
43586.00,01/05/2019,5315.175329,158.2228597,72.49840311,0.023177752,51,0.299293837
43587.00,02/05/2019,5393.129376,159.1916195,72.32015695,0.022975392,50,0.296848552
43588.00,03/05/2019,5658.430388,164.6954521,77.75430338,0.023351528,63,0.301920544
43589.00,04/05/2019,5774.712429,162.0372658,77.05762727,0.022796788,66,0.300058124
43590.00,05/05/2019,5728.351702,161.4855964,75.06164418,0.023012598,67,0.297219407
43591.00,06/05/2019,5691.688374,172.068616,74.37467349,0.023554589,57,0.300192328
43592.00,07/05/2019,5825.744893,170.0501148,74.08976693,0.023770536,69,0.295868476
43593.00,08/05/2019,5931.800595,169.5587642,73.82890098,0.024307177,63,0.297276038
43594.00,09/05/2019,6150.140445,170.2503147,73.66528817,0.023059826,69,0.293192151
43595.00,10/05/2019,6357.463494,172.221822,76.86544665,0.023469896,71,0.296976009
43596.00,11/05/2019,7325.08286,199.6065146,92.58359271,0.026037189,76,0.332920272
43597.00,12/05/2019,6942.623175,187.1841037,84.45529408,0.023758598,75,0.3094269
43598.00,13/05/2019,7798.905736,195.8252031,87.59130202,0.024396853,78,0.324656478
43599.00,14/05/2019,7955.557682,218.2148057,91.60816583,0.027348734,78,0.406766272
43600.00,15/05/2019,8215.206838,249.061431,103.0110168,0.031338892,77,0.461552121
43601.00,16/05/2019,7862.071602,263.3804702,95.39051979,0.028460683,75,0.417305638
43602.00,17/05/2019,7326.920682,242.2637937,89.40238602,0.027051488,65,0.387566292
43603.00,18/05/2019,7277.987563,234.8412797,86.93719278,0.026521966,67,0.372366245
43604.00,19/05/2019,8219.742787,261.9740453,95.84352498,0.028550662,70,0.42152766
43605.00,20/05/2019,7981.139379,252.4174196,91.71343635,0.027969576,73,0.399427725
43606.00,21/05/2019,7983.808477,256.8181622,91.66736182,0.028548042,68,0.399299679
43607.00,22/05/2019,7667.902115,244.5505143,88.08172152,0.02675784,69,0.373538176
43608.00,23/05/2019,7897.471294,245.8403849,89.16487708,0.02705115,65,0.381028436
43609.00,24/05/2019,7987.100368,248.839252,100.2080907,0.027636831,64,0.383394441
43610.00,25/05/2019,8061.591761,251.888461,102.7633272,0.02775452,69,0.387120675
43611.00,26/05/2019,8731.524956,268.2943396,112.4161718,0.031351641,67,0.410467103
43612.00,27/05/2019,8816.786708,272.6163311,118.3048471,0.035479682,70,0.436962271
43613.00,28/05/2019,8719.125848,271.2234985,114.6328855,0.034577465,71,0.448330384
43614.00,29/05/2019,8655.488506,269.3278109,115.1332838,0.033813334,71,0.44470625
43615.00,30/05/2019,8271.621963,254.2942018,107.7600773,0.031029102,73,0.418969094
43616.00,31/05/2019,8556.222186,266.5739226,114.0889755,0.032904275,61,0.438675382
43617.00,01/06/2019,8554.80733,265.1401444,112.7106407,0.037412102,62,0.429236845
43618.00,02/06/2019,8744.353745,269.9670415,114.7743049,0.038659071,63,0.44552574
43619.00,03/06/2019,8173.401271,251.0577586,106.4504724,0.034221271,66,0.422813652
43620.00,04/06/2019,7649.939332,239.4570409,101.2519092,0.034580068,42,0.395295086
43621.00,05/06/2019,7798.544466,246.3376002,103.9599345,0.034095376,27,0.402035018
43622.00,06/06/2019,7776.713326,247.4887542,111.5901199,0.032719382,34,0.41991059
43623.00,07/06/2019,8023.950093,250.2259096,118.0503068,0.033723568,27,0.42151076
43624.00,08/06/2019,7939.805155,244.6264702,118.6453423,0.032201382,62,0.40989769
43625.00,09/06/2019,7634.065751,231.039578,114.7212076,0.029648419,62,0.384387823
43626.00,10/06/2019,7993.302539,246.7463252,129.1225361,0.031563284,46,0.400065644
43627.00,11/06/2019,7922.483627,245.8009109,136.3609914,0.031252972,61,0.393711301
43628.00,12/06/2019,8146.756125,259.6566401,134.8055359,0.033313469,60,0.401030008
43629.00,13/06/2019,8232.777341,255.3363004,131.2593053,0.032521266,63,0.399955819
43630.00,14/06/2019,8698.004815,264.7634231,132.3539877,0.032057852,67,0.40431909
43631.00,15/06/2019,8850.584816,269.0571874,138.1599557,0.032748072,75,0.411087452
43632.00,16/06/2019,9019.517007,269.8485187,136.867408,0.032946732,80,0.431302934
43633.00,17/06/2019,9340.572189,273.714095,134.23513,0.033798102,84,0.446997357
43634.00,18/06/2019,9047.132744,263.7022519,135.3514294,0.032864868,83,0.425370372
43635.00,19/06/2019,9285.055677,268.9368381,136.5390916,0.033326039,82,0.434899378
43636.00,20/06/2019,9546.719778,272.1375003,135.4996645,0.03266073,81,0.430329405
43637.00,21/06/2019,10083.48631,294.8528928,138.4742415,0.033197427,84,0.443364691
43638.00,22/06/2019,10685.29523,308.0097697,141.1133092,0.036931654,83,0.472279102
43639.00,23/06/2019,10794.4277,306.5535074,136.3239778,0.037139437,84,0.465609867
43640.00,24/06/2019,11004.20691,309.7987503,135.2852929,0.038228169,80,0.468637897
43641.00,25/06/2019,11726.26383,316.17192,135.6097907,0.03818601,87,0.464794198
43642.00,26/06/2019,12863.46068,334.0350535,130.9113352,0.036360139,95,0.461336874
43643.00,27/06/2019,11109.79784,293.2150362,114.2850647,0.032055554,92,0.404836422
43644.00,28/06/2019,12358.20796,309.4461829,119.3717308,0.033510475,62,0.419953159
43645.00,29/06/2019,11944.35155,318.5297881,133.8535773,0.035086561,74,0.426287827
43646.00,30/06/2019,10842.61671,291.6606963,121.9648184,0.03206908,78,0.394969507
43647.00,01/07/2019,10569.55173,293.8623928,122.6771139,0.032473114,65,0.406365902
43648.00,02/07/2019,10766.08332,290.5718343,117.9623972,0.031892119,63,0.397262248
43649.00,03/07/2019,11952.02489,302.0572104,121.3690659,0.032815941,79,0.405854961
43650.00,04/07/2019,11177.01038,283.4892028,119.7566182,0.031247986,76,0.387436181
43651.00,05/07/2019,10998.3991,287.858583,118.4821072,0.031869006,67,0.379271365
43652.00,06/07/2019,11208.2256,287.27413,118.1422062,0.032029382,72,0.388610199
43653.00,07/07/2019,11456.1836,306.1985906,119.9894659,0.035066443,67,0.397226533
43654.00,08/07/2019,12319.62288,313.3262905,123.7409355,0.034004081,74,0.40252619
43655.00,09/07/2019,12579.10762,308.3430541,119.3181339,0.034318076,84,0.39408793
43656.00,10/07/2019,12106.78293,288.7311578,107.9793467,0.032025939,83,0.360632318
43657.00,11/07/2019,11294.67803,267.5366046,102.2099225,0.027763253,62,0.327601232
43658.00,12/07/2019,11813.32372,275.8726002,105.0393156,0.029553665,33,0.344821943
43659.00,13/07/2019,11346.83715,268.6886293,100.9075728,0.028374508,65,0.33182526
43660.00,14/07/2019,10283.07579,230.3359763,90.01641661,0.025505172,61,0.306857261
43661.00,15/07/2019,10926.38027,230.578358,90.86854261,0.025285271,16,0.314682224
43662.00,16/07/2019,9471.140865,199.001611,79.88265724,0.021297053,34,0.296561418
43663.00,17/07/2019,9674.882461,210.9313147,89.90015486,0.022791244,19,0.31010536
43664.00,18/07/2019,10679.89069,227.2417943,101.9716036,0.025777181,40,0.322859355
43665.00,19/07/2019,10532.20273,221.0313933,98.47280506,0.027965264,42,0.320317093
43666.00,20/07/2019,10862.64855,230.6720537,101.4621759,0.02953707,34,0.335801797
43667.00,21/07/2019,10589.70649,225.6720671,99.74053997,0.029130301,42,0.330491927
43668.00,22/07/2019,10318.56093,217.0136254,94.95028565,0.026752508,42,0.32058639
43669.00,23/07/2019,9866.64894,212.3614568,90.29077836,0.02400461,40,0.308311093
43670.00,24/07/2019,9792.787537,216.8484425,94.5638137,0.023796764,20,0.316297899
43671.00,25/07/2019,9897.186786,219.6386683,93.35903451,0.023004264,42,0.313290356
43672.00,26/07/2019,9836.696788,219.3653559,94.33363842,0.023197623,24,0.323510433
43673.00,27/07/2019,9446.672052,206.645765,88.54587603,0.021896369,47,0.309236548
43674.00,28/07/2019,9529.788792,210.9275406,89.66229546,0.022329569,16,0.311160544
43675.00,29/07/2019,9504.158916,210.840749,90.43661387,0.021981669,19,0.309736558
43676.00,30/07/2019,9589.109206,210.0295608,90.35749897,0.022098488,22,0.318742423
43677.00,31/07/2019,10059.00402,218.0882405,98.85875606,0.022385496,31,0.319506571
43678.00,01/08/2019,10400.30701,217.3531949,98.84074269,0.022131664,57,0.316164817
43679.00,02/08/2019,10529.69445,217.667192,94.82021445,0.021810758,61,0.312213982
43680.00,03/08/2019,10810.42167,221.8353165,94.08927727,0.021836851,61,0.316040052
43681.00,04/08/2019,10986.50893,222.7885219,93.08305308,0.022364498,62,0.319999818
43682.00,05/08/2019,11790.02394,232.2999088,95.98506187,0.022815102,64,0.321288613
43683.00,06/08/2019,11423.497,225.7292683,92.88025287,0.021666751,66,0.311128298
43684.00,07/08/2019,11967.27355,226.0429168,90.84267303,0.021623489,45,0.311278032
43685.00,08/08/2019,11938.23461,220.5500413,89.942217,0.021911684,61,0.307257069
43686.00,09/08/2019,11858.3411,209.8178279,84.17551878,0.019753047,60,0.295604285
43687.00,10/08/2019,11303.73056,206.3243793,85.38162809,0.020403598,59,0.298637821
43688.00,11/08/2019,11530.19524,215.7897347,89.79069621,0.020725498,45,0.302618656
43689.00,12/08/2019,11384.69625,210.9724977,85.6664523,0.020669219,48,0.300392976
43690.00,13/08/2019,10867.05476,208.5976283,84.43954542,0.020338243,45,0.296120057
43691.00,14/08/2019,10024.37959,186.3818141,75.91894313,0.017760369,11,0.262105681
43692.00,15/08/2019,10310.08587,188.0166365,76.42321029,0.017540161,13,0.264910924
43693.00,16/08/2019,10373.3219,185.5779369,74.89117357,0.01695215,31,0.261571761
43694.00,17/08/2019,10207.15556,185.5476665,72.70842184,0.016927611,20,0.265468855
43695.00,18/08/2019,10331.30998,194.7061621,76.42116423,0.017762481,14,0.283237344
43696.00,19/08/2019,10884.62977,202.7670351,77.03219723,0.017982575,30,0.282230614
43697.00,20/08/2019,10771.39238,196.717822,75.15385869,0.017533921,39,0.274476717
43698.00,21/08/2019,10096.83022,186.4972846,72.91707346,0.016760277,11,0.26502394
43699.00,22/08/2019,10119.71452,191.5960932,73.58911639,0.017548028,5,0.271238568
43700.00,23/08/2019,10414.14417,194.6243048,75.53376228,0.018061653,33,0.27740058
43701.00,24/08/2019,10147.08715,191.1143513,73.37075056,0.017783678,39,0.271987435
43702.00,25/08/2019,10100.35678,186.3244889,72.2755486,0.017566306,33,0.269426151
43703.00,26/08/2019,10362.64347,188.5698054,73.6117536,0.017687719,41,0.269861028
43704.00,27/08/2019,10168.22157,186.8832931,72.59788031,0.01762724,30,0.269316924
43705.00,28/08/2019,9724.799978,173.1757975,66.91783698,0.016011692,32,0.256080715
43706.00,29/08/2019,9482.311735,168.7358823,63.58698282,0.015434732,20,0.256537622
43707.00,30/08/2019,9577.678823,168.372436,64.35611591,0.015566244,24,0.255203049
43708.00,31/08/2019,9605.024461,172.1776099,64.37694745,0.015507225,20,0.257875467
43709.00,01/09/2019,9762.936557,171.2114805,66.297114,0.015566127,24,0.256850459
43710.00,02/09/2019,10377.33838,178.5801946,67.01818902,0.015908322,28,0.261800578
43711.00,03/09/2019,10618.78151,179.2336739,69.23355472,0.01591555,41,0.262974605
43712.00,04/09/2019,10577.24108,174.7297753,67.10464985,0.015526255,43,0.25877428
43713.00,05/09/2019,10580.1847,174.5415397,65.38563985,0.014961043,41,0.256367174
43714.00,06/09/2019,10330.84973,169.2307034,65.06948426,0.01421951,43,0.251729022
43715.00,07/09/2019,10494.50696,178.2874944,68.84420891,0.015436281,39,0.260575927
43716.00,08/09/2019,10407.26566,181.6046403,70.66760678,0.015756129,43,0.262321262
43717.00,09/09/2019,10332.46444,181.3882417,70.18670137,0.015745746,41,0.258908387
43718.00,10/09/2019,10085.95192,179.5958057,70.55690526,0.015561325,41,0.258313514
43719.00,11/09/2019,10142.14806,178.0588556,69.61532632,0.014839883,38,0.254513271
43720.00,12/09/2019,10403.35997,180.8465082,69.08376348,0.014843187,39,0.254211174
43721.00,13/09/2019,10345.33875,181.5132595,68.74993771,0.015530595,38,0.255454178
43722.00,14/09/2019,10363.4529,188.5959505,70.69277173,0.015822809,39,0.262351216
43723.00,15/09/2019,10306.16967,189.4436084,70.13739928,0.015495433,38,0.260336585
43724.00,16/09/2019,10257.82276,197.4305357,72.53570127,0.015684089,38,0.261029238
43725.00,17/09/2019,10195.61118,209.2875827,74.45747199,0.016795973,41,0.287028187
43726.00,18/09/2019,10161.31887,210.7212236,77.96232755,0.017958203,38,0.314282308
43727.00,19/09/2019,10268.39263,221.5622011,76.98396031,0.017604925,31,0.301480622
43728.00,20/09/2019,10170.12512,217.1955701,75.03694758,0.017362153,41,0.292787603
43729.00,21/09/2019,9986.406108,215.5000298,73.18058484,0.018190922,37,0.289543171
43730.00,22/09/2019,10047.01347,211.0518019,72.42025542,0.016889012,37,0.277227923
43731.00,23/09/2019,9692.741048,201.226725,66.58584672,0.016007815,41,0.267973688
43732.00,24/09/2019,8613.671249,168.4383282,56.38643834,0.012756636,39,0.235999695
43733.00,25/09/2019,8424.157646,169.8466248,57.29231497,0.013160059,15,0.245604618
43734.00,26/09/2019,8091.695299,166.3346179,55.21079193,0.012850745,12,0.243330323
43735.00,27/09/2019,8186.779639,174.0836541,55.85602853,0.013650075,24,0.242064854
43736.00,28/09/2019,8201.979013,173.7988804,55.33981539,0.013589945,32,0.242192552
43737.00,29/09/2019,8064.508062,169.8533349,54.00114433,0.013352185,33,0.24053058
43738.00,30/09/2019,8282.365454,179.5087279,55.92720842,0.014481112,27,0.256201357
43739.00,01/10/2019,8314.55139,176.6351596,55.76590619,0.01401059,38,0.248965285
43740.00,02/10/2019,8362.530732,180.7314246,56.44821762,0.014410525,39,0.253305601
43741.00,03/10/2019,8254.33991,175.4671133,56.61447913,0.014330844,37,0.247569867
43742.00,04/10/2019,8165.686151,176.2040693,56.57314114,0.014588248,30,0.252901157
43743.00,05/10/2019,8141.633714,176.1848133,56.78648368,0.015063163,31,0.253784237
43744.00,06/10/2019,7854.609813,169.8549542,54.52183947,0.014504507,32,0.254568853
43745.00,07/10/2019,8226.023429,181.0015704,57.73382314,0.016296601,27,0.276931411
43746.00,08/10/2019,8190.115121,180.6686698,57.0367275,0.016980195,39,0.277142112
43747.00,09/10/2019,8598.331921,194.2291315,59.43660179,0.016970444,37,0.282198465
43748.00,10/10/2019,8578.090379,191.5740997,57.55244638,0.016285614,41,0.271332788
43749.00,11/10/2019,8289.854029,180.9021725,55.70224285,0.015826947,39,0.268026531
43750.00,12/10/2019,8323.750144,180.319805,55.82262019,0.015688244,38,0.273182102
43751.00,13/10/2019,8291.250651,181.4745976,56.5329196,0.016072884,38,0.277975651
43752.00,14/10/2019,8346.368437,186.5206151,56.79528591,0.016671772,37,0.296535285
43753.00,15/10/2019,8160.712628,180.2829499,54.54869841,0.015642576,39,0.288117566
43754.00,16/10/2019,8003.855923,174.9956763,52.55428352,0.015175732,40,0.28442559
43755.00,17/10/2019,8072.489382,177.0702299,54.9010288,0.015385395,40,0.301782569
43756.00,18/10/2019,7959.331994,173.1305787,53.25118936,0.015375612,40,0.295033866
43757.00,19/10/2019,7948.477337,171.6131327,53.7431331,0.015458204,41,0.291050309
43758.00,20/10/2019,8213.709039,175.1878466,54.86168423,0.015502644,37,0.293837621
43759.00,21/10/2019,8211.654559,174.1983669,54.76895655,0.015539496,37,0.292647571
43760.00,22/10/2019,8029.205373,171.2616821,53.33087465,0.015115827,39,0.290481486
43761.00,23/10/2019,7458.035857,161.3235584,49.33203461,0.014289822,33,0.272106563
43762.00,24/10/2019,7454.371138,161.0244646,49.82463108,0.015231156,20,0.277408345
43763.00,25/10/2019,8656.655178,181.1619445,56.90292396,0.017527407,24,0.297712298
43764.00,26/10/2019,9249.646761,179.7206023,56.96359664,0.016618667,53,0.294469571
43765.00,27/10/2019,9558.156044,184.5724846,59.83275209,0.019145173,50,0.298888112
43766.00,28/10/2019,9319.178142,182.8142206,58.38365369,0.020383951,52,0.297500217
43767.00,29/10/2019,9431.207124,190.8304954,59.85977923,0.021958818,54,0.302296979
43768.00,30/10/2019,9182.855065,183.2770038,57.99909803,0.020026299,53,0.295330522
43769.00,31/10/2019,9155.277299,182.4305672,58.34576011,0.019790989,50,0.294503367
43770.00,01/11/2019,9251.381293,183.3622677,58.37170895,0.019663447,49,0.29208591
43771.00,02/11/2019,9300.190838,182.9987688,58.34436736,0.019889264,51,0.295187406
43772.00,03/11/2019,9209.638696,181.9070137,58.47328296,0.019672307,56,0.290583485
43773.00,04/11/2019,9418.360131,186.0344328,61.45216904,0.019804628,49,0.299466586
43774.00,05/11/2019,9330.787223,189.2172514,63.17612989,0.01983589,54,0.301213697
43775.00,06/11/2019,9354.933382,191.5566607,63.98187762,0.020126128,53,0.310143146
43776.00,07/11/2019,9210.748222,186.7706224,61.59174945,0.019523523,54,0.290253377
43777.00,08/11/2019,8791.333935,184.0382231,60.4637875,0.018786101,42,0.276059991
43778.00,09/11/2019,8810.784562,184.9625798,62.16637423,0.018993063,38,0.279619692
43779.00,10/11/2019,9042.890723,189.0451047,63.65697994,0.019351612,39,0.279238665
43780.00,11/11/2019,8713.20793,184.4188453,61.69626739,0.01903445,40,0.27395618
43781.00,12/11/2019,8788.958143,186.5779264,61.12822744,0.019591479,39,0.271333751
43782.00,13/11/2019,8766.729431,188.0333561,60.90400916,0.020039048,38,0.271663757
43783.00,14/11/2019,8645.435804,184.7664638,58.943755,0.019395712,41,0.2678209
43784.00,15/11/2019,8465.877889,179.9897891,57.55776464,0.018591425,38,0.26062643
43785.00,16/11/2019,8477.690243,182.2871172,58.24291241,0.018673109,41,0.261700876
43786.00,17/11/2019,8505.161223,183.829806,59.17893149,0.01876098,38,0.263055365
43787.00,18/11/2019,8183.533414,178.062372,55.86428744,0.017156842,38,0.252102787
43788.00,19/11/2019,8116.820673,175.4351999,55.00107883,0.016904289,32,0.253238545
43789.00,20/11/2019,8076.55466,174.4097203,54.83109288,0.016488503,32,0.249681919
43790.00,21/11/2019,7612.277488,160.7282969,50.57204801,0.01535837,30,0.242473209
43791.00,22/11/2019,7277.524273,149.7761625,47.47589895,0.014434752,20,0.230494881
43792.00,23/11/2019,7324.836179,152.3270563,48.21675302,0.015052455,23,0.234572148
43793.00,24/11/2019,6943.380656,141.5766195,44.2959709,0.013818101,21,0.221950024
43794.00,25/11/2019,7139.044686,146.5622418,45.76961411,0.014282128,17,0.219294535
43795.00,26/11/2019,7165.43773,147.9428786,47.00592285,0.015340088,21,0.22079471
43796.00,27/11/2019,7526.863817,153.2483223,47.86341363,0.016119556,20,0.224691219
43797.00,28/11/2019,7436.336382,151.0103925,46.88518134,0.015862153,32,0.223939627
43798.00,29/11/2019,7747.738042,154.256289,48.62784223,0.016145174,31,0.230274233
43799.00,30/11/2019,7556.193721,152.0162101,47.34697632,0.015486888,38,0.225977686
43800.00,01/12/2019,7417.727206,151.3802234,47.7391862,0.015971679,25,0.225215972
43801.00,02/12/2019,7318.312522,149.0527157,45.6426048,0.015269557,28,0.219572548
43802.00,03/12/2019,7306.446233,147.4653691,44.8087979,0.015225171,28,0.219831694
43803.00,04/12/2019,7215.020345,145.6972447,44.72351707,0.014298587,24,0.21485697
43804.00,05/12/2019,7404.086795,148.0223999,44.83491721,0.014528274,21,0.22199205
43805.00,06/12/2019,7534.208356,148.7001867,45.4038573,0.014713294,29,0.225743538
43806.00,07/12/2019,7512.061403,147.5151993,45.22340813,0.01451991,32,0.227673445
43807.00,08/12/2019,7528.940269,150.8384208,45.57107488,0.01463927,28,0.229941661
43808.00,09/12/2019,7340.227459,147.3754951,44.40943422,0.014357844,32,0.223955597
43809.00,10/12/2019,7232.091784,145.6963601,44.13657889,0.014094791,26,0.222560028
43810.00,11/12/2019,7200.464446,143.1304047,43.58825522,0.014122738,20,0.220712135
43811.00,12/12/2019,7192.849024,144.7342037,43.62232231,0.013749869,23,0.218249749
43812.00,13/12/2019,7244.90372,144.5997151,44.32124629,0.01407746,22,0.22021133
43813.00,14/12/2019,7071.10709,141.8424428,43.30308433,0.0138481,27,0.216064724
43814.00,15/12/2019,7111.28667,142.3045441,43.48651852,0.013935408,21,0.217225673
43815.00,16/12/2019,6882.395795,132.3799811,39.95113662,0.01338141,24,0.205356033
43816.00,17/12/2019,6608.96198,121.5059164,36.84828917,0.0124034,23,0.18218853
43817.00,18/12/2019,7284.625484,132.883688,40.85639569,0.013389995,15,0.195952032
43818.00,19/12/2019,7146.167638,127.8449477,39.62996092,0.012983174,21,0.188192782
43819.00,20/12/2019,7184.219172,128.2175628,40.18164166,0.013408181,23,0.195967154
43820.00,21/12/2019,7140.298011,127.0971411,39.71174311,0.013498771,23,0.19159585
43821.00,22/12/2019,7479.402408,132.0604687,41.86826329,0.014916034,20,0.196406757
43822.00,23/12/2019,7321.748724,127.8143106,40.62053295,0.013780113,33,0.189516669
43823.00,24/12/2019,7235.629084,127.6564459,40.28514298,0.013485611,25,0.190382002
43824.00,25/12/2019,7191.174166,124.8810231,40.09823059,0.013191748,22,0.188458233
43825.00,26/12/2019,7194.639758,125.3084299,39.92788222,0.013331099,39,0.188902094
43826.00,27/12/2019,7237.150447,126.1816295,40.89490272,0.013206946,38,0.189660013
43827.00,28/12/2019,7306.643308,128.0376017,42.97018681,0.013498149,37,0.193055785
43828.00,29/12/2019,7391.578521,134.6392437,43.15957857,0.013722959,37,0.196707104
43829.00,30/12/2019,7229.397101,131.2874667,42.27917616,0.013232467,40,0.19265193
43830.00,31/12/2019,7167.395055,128.5110798,41.11401787,0.013236193,38,0.192421166
43831.00,01/01/2020,7170.631869,129.9638753,41.41574594,0.013160497,37,0.192124072
43832.00,02/01/2020,6946.825269,126.730877,39.31911023,0.012789953,39,0.186872726
43833.00,03/01/2020,7315.30936,133.8007671,42.01519876,0.013398612,38,0.19284337
43834.00,04/01/2020,7343.164194,134.0503492,42.66088938,0.013423737,38,0.192609875
43835.00,05/01/2020,7345.530692,134.9821771,43.19831411,0.013503107,39,0.194187073
43836.00,06/01/2020,7765.797735,143.9888241,45.76539984,0.014563796,41,0.221597372
43837.00,07/01/2020,8136.086842,143.2489557,46.38774004,0.014353476,40,0.213838205
43838.00,08/01/2020,8059.699529,140.872484,45.38409514,0.014029875,51,0.207679866
43839.00,09/01/2020,7817.136093,137.4736641,44.72698105,0.013981991,44,0.203291667
43840.00,10/01/2020,8129.81792,143.7894009,48.78172587,0.01464779,41,0.21137394
43841.00,11/01/2020,8032.005495,142.8460743,49.50031461,0.014604971,50,0.211923968
43842.00,12/01/2020,8164.549993,145.447126,50.99046087,0.014980478,45,0.214637564
43843.00,13/01/2020,8121.925668,143.9102222,49.65187662,0.014671,49,0.211561704
43844.00,14/01/2020,8830.167873,166.0479769,58.81429015,0.016762462,56,0.235544858
43845.00,15/01/2020,8811.448203,165.8537794,58.09429232,0.017285982,54,0.232875178
43846.00,16/01/2020,8718.686998,164.0529333,57.69213032,0.017175581,55,0.228639596
43847.00,17/01/2020,8912.541904,171.0344023,61.64777271,0.017693483,54,0.239171258
43848.00,18/01/2020,8928.180757,175.0749784,59.62455857,0.017697779,51,0.243778756
43849.00,19/01/2020,8687.354837,166.7918224,57.58544323,0.016604543,53,0.235342975
43850.00,20/01/2020,8636.258786,166.927411,57.16587249,0.016610198,48,0.233315006
43851.00,21/01/2020,8730.86756,169.1716687,57.50853705,0.017261506,49,0.237179382
43852.00,22/01/2020,8647.900474,167.5452263,58.05693155,0.017275,52,0.235723766
43853.00,23/01/2020,8366.384614,162.1565256,54.16790165,0.016188897,49,0.224993301
43854.00,24/01/2020,8423.390958,162.2475907,54.3367572,0.016348227,40,0.221598319
43855.00,25/01/2020,8344.774569,160.5214552,53.4273469,0.016129458,41,0.219873276
43856.00,26/01/2020,8573.87481,167.159113,55.93912755,0.016756952,42,0.230009511
43857.00,27/01/2020,8901.959285,169.9343137,58.53327431,0.017080121,50,0.230733694
43858.00,28/01/2020,9297.388318,175.2761885,60.15383231,0.018570018,54,0.23841689
43859.00,29/01/2020,9311.947544,174.6767767,59.98090674,0.018704898,57,0.235890714
43860.00,30/01/2020,9508.920965,184.256749,68.15085835,0.01953378,57,0.243981544
43861.00,31/01/2020,9357.284782,180.1636704,67.96395843,0.018721558,55,0.239021658
,,,,,,,
,,,,,,,
,,,,,,,
,,,,,,,
,,,,,,,
,,,,,,,
,,,,,,,
,,,,,,,
,,,,,,,
,,,,,,,
,,,,,,,
,,,,,,,
,,,,,,,
,,,,,,,
,,,,,,,
,,,,,,,
,,,,,,,
,,,,,,,
,,,,,,,
,,,,,,,
,,,,,,,
,,,,,,,
,,,,,,,
,,,,,,,
,,,,,,,
,,,,,,,
,,,,,,,
,,,,,,,
,,,,,,,
,,,,,,,
,,,,,,,
,,,,,,,
,,,,,,,
,,,,,,,
,,,,,,,
,,,,,,,
,,,,,,,
,,,,,,,
,,,,,,,
,,,,,,,
